-- ALL PASSWORDS IS 123456
INSERT INTO users (id, phone, password_hash, first_name, last_name, role)
VALUES
(
  'd1543ee1-8445-4bad-a50a-34b5901b9123',
  '+1',
  '$2a$12$hB3uIL6JObV7WSkmuJ0pNeqtOyCeczQMk1ATYvGADOxL8VKuUAkI6',
  'Yusif',
  'Edwards',
  'SUPERADMIN'
),
(
  '20000000-0000-0000-0000-000000000001',
  '+380671234567',
  '$2a$12$hB3uIL6JObV7WSkmuJ0pNeqtOyCeczQMk1ATYvGADOxL8VKuUAkI6',
  'Oleksandr',
  'Shevchenko',
  'ADMIN'
),
(
  '20000000-0000-0000-0000-000000000002',
  '+380501112233',
  '$2a$12$hB3uIL6JObV7WSkmuJ0pNeqtOyCeczQMk1ATYvGADOxL8VKuUAkI6',
  'Iryna',
  'Koval',
  'ADMIN'
),
(
  '20000000-0000-0000-0000-000000000003',
  '+380931234567',
  '$2a$12$hB3uIL6JObV7WSkmuJ0pNeqtOyCeczQMk1ATYvGADOxL8VKuUAkI6',
  'Andrii',
  'Melnyk',
  'TEACHER'
),
(
  '20000000-0000-0000-0000-000000000004',
  '+380661112233',
  '$2a$12$hB3uIL6JObV7WSkmuJ0pNeqtOyCeczQMk1ATYvGADOxL8VKuUAkI6',
  'Dmytro',
  'Bondarenko',
  'TEACHER'
),
(
  '20000000-0000-0000-0000-000000000005',
  '+380991234567',
  '$2a$12$hB3uIL6JObV7WSkmuJ0pNeqtOyCeczQMk1ATYvGADOxL8VKuUAkI6',
  'Alina',
  'Tkachenko',
  'TEACHER'
);

INSERT INTO branches (id, name, address, city)
VALUES
(
  '10000000-0000-0000-0000-000000000001',
  'Dnipro Center',
  'Dmytra Yavornytskoho Ave, 10',
  'Dnipro'
),
(
  '10000000-0000-0000-0000-000000000002',
  'Dnipro Left Bank',
  'Slobozhanskyi Ave, 45',
  'Dnipro'
),
(
  '10000000-0000-0000-0000-000000000003',
  'Dnipro West',
  'Naberezhna Peremohy, 120',
  'Dnipro'
);

INSERT INTO user_branches (user_id, branch_id)
VALUES
(
  '20000000-0000-0000-0000-000000000001',
  '10000000-0000-0000-0000-000000000001'
),
(
  '20000000-0000-0000-0000-000000000002',
  '10000000-0000-0000-0000-000000000002'
),
(
  '20000000-0000-0000-0000-000000000002',
  '10000000-0000-0000-0000-000000000003'
),
(
  '20000000-0000-0000-0000-000000000003',
  '10000000-0000-0000-0000-000000000001'
),
(
  '20000000-0000-0000-0000-000000000004',
  '10000000-0000-0000-0000-000000000002'
),
(
  '20000000-0000-0000-0000-000000000005',
  '10000000-0000-0000-0000-000000000003'
);


INSERT INTO students (
  id,
  branch_id,
  first_name,
  last_name,
  dob,
  phone,
  email,
  address,
  parent_name,
  parent_phone,
  parent_email,
  parent_relationship
)
VALUES
(
  '30000000-0000-0000-0000-000000000001',
  '10000000-0000-0000-0000-000000000001',
  'Ivan',
  'Petrenko',
  '2010-05-12',
  '+380671000001',
  'ivan.petrenko@example.com',
  'Dnipro, Center',
  'Olena Petrenko',
  '+380671100001',
  'olena.petrenko@example.com',
  'Mother'
),
(
  '30000000-0000-0000-0000-000000000002',
  '10000000-0000-0000-0000-000000000001',
  'Maksym',
  'Shevchuk',
  '2011-03-22',
  '+380671000002',
  'maksym.shevchuk@example.com',
  'Dnipro, Center',
  'Serhii Shevchuk',
  '+380671100002',
  'serhii.shevchuk@example.com',
  'Father'
),
(
  '30000000-0000-0000-0000-000000000003',
  '10000000-0000-0000-0000-000000000001',
  'Sofia',
  'Kovalchuk',
  '2012-07-15',
  '+380671000003',
  'sofia.kovalchuk@example.com',
  'Dnipro, Center',
  'Iryna Kovalchuk',
  '+380671100003',
  'iryna.kovalchuk@example.com',
  'Mother'
),
(
  '30000000-0000-0000-0000-000000000004',
  '10000000-0000-0000-0000-000000000001',
  'Artem',
  'Bondar',
  '2009-11-02',
  '+380671000004',
  'artem.bondar@example.com',
  'Dnipro, Center',
  'Oleh Bondar',
  '+380671100004',
  'oleh.bondar@example.com',
  'Father'
),
(
  '30000000-0000-0000-0000-000000000005',
  '10000000-0000-0000-0000-000000000001',
  'Daria',
  'Tkachenko',
  '2011-01-30',
  '+380671000005',
  'daria.tkachenko@example.com',
  'Dnipro, Center',
  'Alina Tkachenko',
  '+380671100005',
  'alina.tkachenko@example.com',
  'Mother'
),
(
  '30000000-0000-0000-0000-000000000006',
  '10000000-0000-0000-0000-000000000002',
  'Denys',
  'Melnyk',
  '2010-08-18',
  '+380672000001',
  'denys.melnyk@example.com',
  'Dnipro, Left Bank',
  'Oksana Melnyk',
  '+380672100001',
  'oksana.melnyk@example.com',
  'Mother'
),
(
  '30000000-0000-0000-0000-000000000007',
  '10000000-0000-0000-0000-000000000002',
  'Yulia',
  'Hrytsenko',
  '2012-02-10',
  '+380672000002',
  'yulia.hrytsenko@example.com',
  'Dnipro, Left Bank',
  'Andrii Hrytsenko',
  '+380672100002',
  'andrii.hrytsenko@example.com',
  'Father'
),
(
  '30000000-0000-0000-0000-000000000008',
  '10000000-0000-0000-0000-000000000002',
  'Roman',
  'Savchenko',
  '2009-09-05',
  '+380672000003',
  'roman.savchenko@example.com',
  'Dnipro, Left Bank',
  'Tetiana Savchenko',
  '+380672100003',
  'tetiana.savchenko@example.com',
  'Mother'
),
(
  '30000000-0000-0000-0000-000000000009',
  '10000000-0000-0000-0000-000000000002',
  'Anastasia',
  'Polishchuk',
  '2011-06-25',
  '+380672000004',
  'anastasia.polishchuk@example.com',
  'Dnipro, Left Bank',
  'Viktor Polishchuk',
  '+380672100004',
  'viktor.polishchuk@example.com',
  'Father'
),
(
  '30000000-0000-0000-0000-000000000010',
  '10000000-0000-0000-0000-000000000002',
  'Kyrylo',
  'Ivanov',
  '2010-12-12',
  '+380672000005',
  'kyrylo.ivanov@example.com',
  'Dnipro, Left Bank',
  'Olha Ivanova',
  '+380672100005',
  'olha.ivanova@example.com',
  'Mother'
),
(
  '30000000-0000-0000-0000-000000000011',
  '10000000-0000-0000-0000-000000000003',
  'Vladyslav',
  'Kravchenko',
  '2009-04-14',
  '+380673000001',
  'vladyslav.kravchenko@example.com',
  'Dnipro, West',
  'Serhii Kravchenko',
  '+380673100001',
  'serhii.kravchenko@example.com',
  'Father'
),
(
  '30000000-0000-0000-0000-000000000012',
  '10000000-0000-0000-0000-000000000003',
  'Polina',
  'Marchenko',
  '2012-10-08',
  '+380673000002',
  'polina.marchenko@example.com',
  'Dnipro, West',
  'Olena Marchenko',
  '+380673100002',
  'olena.marchenko@example.com',
  'Mother'
),
(
  '30000000-0000-0000-0000-000000000013',
  '10000000-0000-0000-0000-000000000003',
  'Oleksii',
  'Rudenko',
  '2011-03-03',
  '+380673000003',
  'oleksii.rudenko@example.com',
  'Dnipro, West',
  'Andrii Rudenko',
  '+380673100003',
  'andrii.rudenko@example.com',
  'Father'
),
(
  '30000000-0000-0000-0000-000000000014',
  '10000000-0000-0000-0000-000000000003',
  'Kateryna',
  'Lysenko',
  '2010-07-19',
  '+380673000004',
  'kateryna.lysenko@example.com',
  'Dnipro, West',
  'Iryna Lysenko',
  '+380673100004',
  'iryna.lysenko@example.com',
  'Mother'
),
(
  '30000000-0000-0000-0000-000000000015',
  '10000000-0000-0000-0000-000000000003',
  'Mykhailo',
  'Danylchuk',
  '2009-01-27',
  '+380673000005',
  'mykhailo.danylchuk@example.com',
  'Dnipro, West',
  'Oleh Danylchuk',
  '+380673100005',
  'oleh.danylchuk@example.com',
  'Father'
);

INSERT INTO groups (id, branch_id, name)
VALUES

(
  '40000000-0000-0000-0000-000000000001',
  '10000000-0000-0000-0000-000000000001',
  'Center Math A'
),
(
  '40000000-0000-0000-0000-000000000002',
  '10000000-0000-0000-0000-000000000001',
  'Center English A'
),
(
  '40000000-0000-0000-0000-000000000003',
  '10000000-0000-0000-0000-000000000001',
  'Center Science A'
),

(
  '40000000-0000-0000-0000-000000000004',
  '10000000-0000-0000-0000-000000000002',
  'Left Math A'
),
(
  '40000000-0000-0000-0000-000000000005',
  '10000000-0000-0000-0000-000000000002',
  'Left English A'
),
(
  '40000000-0000-0000-0000-000000000006',
  '10000000-0000-0000-0000-000000000002',
  'Left Science A'
),

(
  '40000000-0000-0000-0000-000000000007',
  '10000000-0000-0000-0000-000000000003',
  'West Math A'
),
(
  '40000000-0000-0000-0000-000000000008',
  '10000000-0000-0000-0000-000000000003',
  'West English A'
),
(
  '40000000-0000-0000-0000-000000000009',
  '10000000-0000-0000-0000-000000000003',
  'West Science A'
);

INSERT INTO student_groups (student_id, group_id)
VALUES

('30000000-0000-0000-0000-000000000001', '40000000-0000-0000-0000-000000000001'),
('30000000-0000-0000-0000-000000000001', '40000000-0000-0000-0000-000000000002'),

('30000000-0000-0000-0000-000000000002', '40000000-0000-0000-0000-000000000001'),

('30000000-0000-0000-0000-000000000003', '40000000-0000-0000-0000-000000000002'),
('30000000-0000-0000-0000-000000000003', '40000000-0000-0000-0000-000000000003'),

('30000000-0000-0000-0000-000000000004', '40000000-0000-0000-0000-000000000003'),

('30000000-0000-0000-0000-000000000005', '40000000-0000-0000-0000-000000000001'),
('30000000-0000-0000-0000-000000000005', '40000000-0000-0000-0000-000000000002'),

('30000000-0000-0000-0000-000000000006', '40000000-0000-0000-0000-000000000004'),

('30000000-0000-0000-0000-000000000007', '40000000-0000-0000-0000-000000000005'),
('30000000-0000-0000-0000-000000000007', '40000000-0000-0000-0000-000000000006'),

('30000000-0000-0000-0000-000000000008', '40000000-0000-0000-0000-000000000004'),

('30000000-0000-0000-0000-000000000009', '40000000-0000-0000-0000-000000000006'),

('30000000-0000-0000-0000-000000000010', '40000000-0000-0000-0000-000000000005'),
('30000000-0000-0000-0000-000000000010', '40000000-0000-0000-0000-000000000004'),

('30000000-0000-0000-0000-000000000011', '40000000-0000-0000-0000-000000000007'),

('30000000-0000-0000-0000-000000000012', '40000000-0000-0000-0000-000000000008'),
('30000000-0000-0000-0000-000000000012', '40000000-0000-0000-0000-000000000009'),

('30000000-0000-0000-0000-000000000013', '40000000-0000-0000-0000-000000000007'),

('30000000-0000-0000-0000-000000000014', '40000000-0000-0000-0000-000000000009'),

('30000000-0000-0000-0000-000000000015', '40000000-0000-0000-0000-000000000008'),
('30000000-0000-0000-0000-000000000015', '40000000-0000-0000-0000-000000000007');

INSERT INTO subjects (id, branch_id, name, description)
VALUES

(
  '50000000-0000-0000-0000-000000000001',
  '10000000-0000-0000-0000-000000000001',
  'Math',
  'General mathematics course'
),
(
  '50000000-0000-0000-0000-000000000002',
  '10000000-0000-0000-0000-000000000001',
  'English',
  'English language learning'
),
(
  '50000000-0000-0000-0000-000000000003',
  '10000000-0000-0000-0000-000000000001',
  'Frontend',
  'HTML, CSS, JavaScript basics'
),
(
  '50000000-0000-0000-0000-000000000004',
  '10000000-0000-0000-0000-000000000001',
  'Backend',
  'Server-side development basics'
),
(
  '50000000-0000-0000-0000-000000000005',
  '10000000-0000-0000-0000-000000000001',
  'UI/UX Design',
  'Design fundamentals and user experience'
),
(
  '50000000-0000-0000-0000-000000000006',
  '10000000-0000-0000-0000-000000000001',
  'Computer Basics',
  'Basic computer literacy'
),

(
  '50000000-0000-0000-0000-000000000007',
  '10000000-0000-0000-0000-000000000002',
  'Math',
  'General mathematics course'
),
(
  '50000000-0000-0000-0000-000000000008',
  '10000000-0000-0000-0000-000000000002',
  'English',
  'English language learning'
),
(
  '50000000-0000-0000-0000-000000000009',
  '10000000-0000-0000-0000-000000000002',
  'Frontend',
  'HTML, CSS, JavaScript basics'
),
(
  '50000000-0000-0000-0000-000000000010',
  '10000000-0000-0000-0000-000000000002',
  'Backend',
  'Server-side development basics'
),
(
  '50000000-0000-0000-0000-000000000011',
  '10000000-0000-0000-0000-000000000002',
  'DevOps',
  'CI/CD, Docker, deployment'
),
(
  '50000000-0000-0000-0000-000000000012',
  '10000000-0000-0000-0000-000000000002',
  'Cybersecurity',
  'Basics of security and networking'
),

(
  '50000000-0000-0000-0000-000000000013',
  '10000000-0000-0000-0000-000000000003',
  'Math',
  'General mathematics course'
),
(
  '50000000-0000-0000-0000-000000000014',
  '10000000-0000-0000-0000-000000000003',
  'English',
  'English language learning'
),
(
  '50000000-0000-0000-0000-000000000015',
  '10000000-0000-0000-0000-000000000003',
  'Frontend',
  'HTML, CSS, JavaScript basics'
),
(
  '50000000-0000-0000-0000-000000000016',
  '10000000-0000-0000-0000-000000000003',
  'Backend',
  'Server-side development basics'
),
(
  '50000000-0000-0000-0000-000000000017',
  '10000000-0000-0000-0000-000000000003',
  'Game Development',
  'Basics of game creation'
),
(
  '50000000-0000-0000-0000-000000000018',
  '10000000-0000-0000-0000-000000000003',
  'Data Science',
  'Intro to data analysis'
);